{
  "Weibull": {
    "EFDA": {
      "acc": {
        "mean": 0.8723099999999999,
        "std": 0.007050099290080947
      },
      "auc": {
        "mean": 0.8886507628631736,
        "std": 0.00968372247369578
      },
      "ece": {
        "mean": 0.017121603374329674,
        "std": 0.0059565007631535456
      }
    },
    "LDA": {
      "acc": {
        "mean": 0.871645,
        "std": 0.0071060871793132245
      },
      "auc": {
        "mean": 0.8886507628631736,
        "std": 0.00968372247369578
      },
      "ece": {
        "mean": 0.0444901646164516,
        "std": 0.007872459927313275
      }
    },
    "QDA": {
      "acc": {
        "mean": 0.8723299999999999,
        "std": 0.007142205541707671
      },
      "auc": {
        "mean": 0.8868130109802399,
        "std": 0.009858231210493233
      },
      "ece": {
        "mean": 0.019414928697158065,
        "std": 0.006308643338919837
      }
    },
    "LR": {
      "acc": {
        "mean": 0.8715949999999999,
        "std": 0.0077578009126298055
      },
      "auc": {
        "mean": 0.8886507628631736,
        "std": 0.00968372247369578
      },
      "ece": {
        "mean": 0.040935365038712875,
        "std": 0.006252916399148964
      }
    }
  },
  "Gamma": {
    "EFDA": {
      "acc": {
        "mean": 0.67889,
        "std": 0.01019818121039236
      },
      "auc": {
        "mean": 0.7393824433315401,
        "std": 0.009981901544660715
      },
      "ece": {
        "mean": 0.025179280784602572,
        "std": 0.008199927876410294
      }
    },
    "LDA": {
      "acc": {
        "mean": 0.67675,
        "std": 0.010449282272003185
      },
      "auc": {
        "mean": 0.7393824433315401,
        "std": 0.009981901544660715
      },
      "ece": {
        "mean": 0.03638221233869538,
        "std": 0.01001595753382802
      }
    },
    "QDA": {
      "acc": {
        "mean": 0.6657100000000001,
        "std": 0.010145733093276214
      },
      "auc": {
        "mean": 0.7177779923872969,
        "std": 0.012356561538064905
      },
      "ece": {
        "mean": 0.07672701742737209,
        "std": 0.016374159681996518
      }
    },
    "LR": {
      "acc": {
        "mean": 0.6790349999999999,
        "std": 0.010251159690493554
      },
      "auc": {
        "mean": 0.7393824433315401,
        "std": 0.009981901544660715
      },
      "ece": {
        "mean": 0.026462502430096454,
        "std": 0.008554511123950519
      }
    }
  },
  "Exponential": {
    "EFDA": {
      "acc": {
        "mean": 0.692225,
        "std": 0.010448295315504815
      },
      "auc": {
        "mean": 0.7497576192768374,
        "std": 0.011666112061083757
      },
      "ece": {
        "mean": 0.024280243635508025,
        "std": 0.0072137453825268875
      }
    },
    "LDA": {
      "acc": {
        "mean": 0.6890850000000001,
        "std": 0.010858419544298323
      },
      "auc": {
        "mean": 0.7497576192768374,
        "std": 0.011666112061083757
      },
      "ece": {
        "mean": 0.05764049351846719,
        "std": 0.013324443411386503
      }
    },
    "QDA": {
      "acc": {
        "mean": 0.6770349999999999,
        "std": 0.011391939036002599
      },
      "auc": {
        "mean": 0.7189890574209034,
        "std": 0.01247094539596176
      },
      "ece": {
        "mean": 0.12196610607322374,
        "std": 0.01457520183404583
      }
    },
    "LR": {
      "acc": {
        "mean": 0.69225,
        "std": 0.01045621824561824
      },
      "auc": {
        "mean": 0.7497576192768374,
        "std": 0.011666112061083757
      },
      "ece": {
        "mean": 0.024923572123460427,
        "std": 0.007937318699007991
      }
    }
  },
  "Poisson": {
    "EFDA": {
      "acc": {
        "mean": 0.8216349999999999,
        "std": 0.009367191414719776
      },
      "auc": {
        "mean": 0.9020744292358525,
        "std": 0.007063818789926765
      },
      "ece": {
        "mean": 0.02066120766667138,
        "std": 0.006799062462510715
      }
    },
    "LDA": {
      "acc": {
        "mean": 0.8218599999999999,
        "std": 0.0090272033321511
      },
      "auc": {
        "mean": 0.9020744292358525,
        "std": 0.007063818789926765
      },
      "ece": {
        "mean": 0.0312180031546658,
        "std": 0.01117012683218629
      }
    },
    "QDA": {
      "acc": {
        "mean": 0.8218599999999999,
        "std": 0.0090272033321511
      },
      "auc": {
        "mean": 0.9020747984050922,
        "std": 0.00706394738399184
      },
      "ece": {
        "mean": 0.03430771630822656,
        "std": 0.007877940015941066
      }
    },
    "LR": {
      "acc": {
        "mean": 0.8216349999999999,
        "std": 0.009333502825841961
      },
      "auc": {
        "mean": 0.9020744292358525,
        "std": 0.007063818789926765
      },
      "ece": {
        "mean": 0.02227687655739469,
        "std": 0.007266903896085534
      }
    }
  }
}