{
  "0.1": {
    "EFDA": {
      "acc": {
        "mean": 0.8987950000000001,
        "std": 0.006372634855379686
      },
      "auc": {
        "mean": 0.8881486992685048,
        "std": 0.007476749691616723
      },
      "ece": {
        "mean": 0.012922465903615293,
        "std": 0.004330826871374769
      }
    },
    "LDA": {
      "acc": {
        "mean": 0.898035,
        "std": 0.006357379570231755
      },
      "auc": {
        "mean": 0.8881486992685048,
        "std": 0.007476749691616723
      },
      "ece": {
        "mean": 0.033104968349439254,
        "std": 0.00616163151747871
      }
    },
    "QDA": {
      "acc": {
        "mean": 0.89865,
        "std": 0.006866039615382368
      },
      "auc": {
        "mean": 0.8859422303194987,
        "std": 0.0076556338689496755
      },
      "ece": {
        "mean": 0.014137685701963902,
        "std": 0.004961483941095099
      }
    },
    "LR": {
      "acc": {
        "mean": 0.8956249999999999,
        "std": 0.007181704184941074
      },
      "auc": {
        "mean": 0.8881486992685048,
        "std": 0.007476749691616723
      },
      "ece": {
        "mean": 0.024849177613717348,
        "std": 0.005814997724182351
      }
    }
  },
  "0.2": {
    "EFDA": {
      "acc": {
        "mean": 0.83345,
        "std": 0.0073159073258209145
      },
      "auc": {
        "mean": 0.8891160774754263,
        "std": 0.007020921180575969
      },
      "ece": {
        "mean": 0.016832301547025395,
        "std": 0.005811678467128662
      }
    },
    "LDA": {
      "acc": {
        "mean": 0.8303349999999997,
        "std": 0.008258648497181612
      },
      "auc": {
        "mean": 0.8891160774754263,
        "std": 0.007020921180575969
      },
      "ece": {
        "mean": 0.04695348011443414,
        "std": 0.007966003235574353
      }
    },
    "QDA": {
      "acc": {
        "mean": 0.8305400000000001,
        "std": 0.008079504935328654
      },
      "auc": {
        "mean": 0.8871246168111133,
        "std": 0.0071303591158788015
      },
      "ece": {
        "mean": 0.01928541544138775,
        "std": 0.006040378230862553
      }
    },
    "LR": {
      "acc": {
        "mean": 0.8327499999999999,
        "std": 0.0078148896345374
      },
      "auc": {
        "mean": 0.8891160774754263,
        "std": 0.007020921180575969
      },
      "ece": {
        "mean": 0.03887723088004123,
        "std": 0.007189767161330155
      }
    }
  },
  "0.3": {
    "EFDA": {
      "acc": {
        "mean": 0.8132799999999999,
        "std": 0.008465022150000539
      },
      "auc": {
        "mean": 0.8889285544939375,
        "std": 0.006770288174135287
      },
      "ece": {
        "mean": 0.019765658916133258,
        "std": 0.004915421309250208
      }
    },
    "LDA": {
      "acc": {
        "mean": 0.8088200000000001,
        "std": 0.009083919858739383
      },
      "auc": {
        "mean": 0.8889285544939375,
        "std": 0.006770288174135287
      },
      "ece": {
        "mean": 0.05222978481275645,
        "std": 0.007904557677754304
      }
    },
    "QDA": {
      "acc": {
        "mean": 0.8126650000000002,
        "std": 0.008720394199805408
      },
      "auc": {
        "mean": 0.8869904782784706,
        "std": 0.00704195147757022
      },
      "ece": {
        "mean": 0.02182688684538726,
        "std": 0.0063633517216050385
      }
    },
    "LR": {
      "acc": {
        "mean": 0.80781,
        "std": 0.008230971996064615
      },
      "auc": {
        "mean": 0.8889285544939375,
        "std": 0.006770288174135287
      },
      "ece": {
        "mean": 0.04574606554836378,
        "std": 0.007415963040782335
      }
    }
  },
  "0.4": {
    "EFDA": {
      "acc": {
        "mean": 0.8134950000000002,
        "std": 0.008700429587095096
      },
      "auc": {
        "mean": 0.8888977443444186,
        "std": 0.006869617442092361
      },
      "ece": {
        "mean": 0.020379320544853946,
        "std": 0.005307321213473828
      }
    },
    "LDA": {
      "acc": {
        "mean": 0.81231,
        "std": 0.008619390929758304
      },
      "auc": {
        "mean": 0.8888977443444186,
        "std": 0.006869617442092361
      },
      "ece": {
        "mean": 0.05435673097919055,
        "std": 0.007352102611344708
      }
    },
    "QDA": {
      "acc": {
        "mean": 0.81353,
        "std": 0.008989666289690607
      },
      "auc": {
        "mean": 0.8870081115610985,
        "std": 0.007139454787122509
      },
      "ece": {
        "mean": 0.023161738200414242,
        "std": 0.006185278400377432
      }
    },
    "LR": {
      "acc": {
        "mean": 0.8075550000000001,
        "std": 0.009521789485175562
      },
      "auc": {
        "mean": 0.8888977443444186,
        "std": 0.006869617442092361
      },
      "ece": {
        "mean": 0.049367571446255004,
        "std": 0.007604646991430962
      }
    }
  },
  "0.5": {
    "EFDA": {
      "acc": {
        "mean": 0.82454,
        "std": 0.009310929062129082
      },
      "auc": {
        "mean": 0.8886934537550023,
        "std": 0.007771022493456826
      },
      "ece": {
        "mean": 0.019652448133523518,
        "std": 0.005420661732206716
      }
    },
    "LDA": {
      "acc": {
        "mean": 0.824415,
        "std": 0.009216576099615303
      },
      "auc": {
        "mean": 0.8886934537550023,
        "std": 0.007771022493456826
      },
      "ece": {
        "mean": 0.05272498770280246,
        "std": 0.007189630787783324
      }
    },
    "QDA": {
      "acc": {
        "mean": 0.8245100000000001,
        "std": 0.009353603583646251
      },
      "auc": {
        "mean": 0.8868794600254352,
        "std": 0.007938494992509747
      },
      "ece": {
        "mean": 0.022530293729958895,
        "std": 0.006344954265539182
      }
    },
    "LR": {
      "acc": {
        "mean": 0.821105,
        "std": 0.009966517696768503
      },
      "auc": {
        "mean": 0.8886934537550023,
        "std": 0.007771022493456826
      },
      "ece": {
        "mean": 0.04919160994876307,
        "std": 0.007198430911319379
      }
    }
  },
  "0.6": {
    "EFDA": {
      "acc": {
        "mean": 0.84461,
        "std": 0.008472774043959873
      },
      "auc": {
        "mean": 0.8888471994830138,
        "std": 0.008915991543115075
      },
      "ece": {
        "mean": 0.01997902497481608,
        "std": 0.005425917189568073
      }
    },
    "LDA": {
      "acc": {
        "mean": 0.844265,
        "std": 0.00840846448526722
      },
      "auc": {
        "mean": 0.8888471994830138,
        "std": 0.008915991543115075
      },
      "ece": {
        "mean": 0.05003600567970862,
        "std": 0.007906018521231876
      }
    },
    "QDA": {
      "acc": {
        "mean": 0.8445900000000001,
        "std": 0.00860737474494983
      },
      "auc": {
        "mean": 0.8871011957332064,
        "std": 0.009161707555880763
      },
      "ece": {
        "mean": 0.021776323906649974,
        "std": 0.006642093155968714
      }
    },
    "LR": {
      "acc": {
        "mean": 0.8429849999999999,
        "std": 0.009553914119354445
      },
      "auc": {
        "mean": 0.8888471994830138,
        "std": 0.008915991543115075
      },
      "ece": {
        "mean": 0.04696614115816141,
        "std": 0.0069289854544408785
      }
    }
  },
  "0.7": {
    "EFDA": {
      "acc": {
        "mean": 0.8723099999999999,
        "std": 0.007050099290080947
      },
      "auc": {
        "mean": 0.8886507628631736,
        "std": 0.00968372247369578
      },
      "ece": {
        "mean": 0.017121603374329674,
        "std": 0.0059565007631535456
      }
    },
    "LDA": {
      "acc": {
        "mean": 0.871645,
        "std": 0.0071060871793132245
      },
      "auc": {
        "mean": 0.8886507628631736,
        "std": 0.00968372247369578
      },
      "ece": {
        "mean": 0.0444901646164516,
        "std": 0.007872459927313275
      }
    },