{
  "Weibull": {
    "K3": {
      "EFDA": {
        "acc": {
          "mean": 0.7349079999999998,
          "std": 0.006136932132588724
        },
        "ece": {
          "mean": 0.011297923466493578,
          "std": 0.0035342967959945894
        }
      },
      "LDA": {
        "acc": {
          "mean": 0.7338280000000001,
          "std": 0.006585986334635075
        },
        "ece": {
          "mean": 0.0708050182869167,
          "std": 0.00807444525349025
        }
      },
      "QDA": {
        "acc": {
          "mean": 0.7348460000000001,
          "std": 0.006088208603522062
        },
        "ece": {
          "mean": 0.017264745319998574,
          "std": 0.006219103800551985
        }
      },
      "LR": {
        "acc": {
          "mean": 0.7275240000000001,
          "std": 0.0072412032149360385
        },
        "ece": {
          "mean": 0.02307176707660015,
          "std": 0.006019656553462673
        }
      }
    },
    "K5": {
      "EFDA": {
        "acc": {
          "mean": 0.508514,
          "std": 0.006448519520013878
        },
        "ece": {
          "mean": 0.014469329146888815,
          "std": 0.005216603442387379
        }
      },
      "LDA": {
        "acc": {
          "mean": 0.49938599999999994,
          "std": 0.007411464362728866
        },
        "ece": {
          "mean": 0.0693773564860758,
          "std": 0.009317389796794933
        }
      },
      "QDA": {
        "acc": {
          "mean": 0.508596,
          "std": 0.0064039350402701626
        },
        "ece": {
          "mean": 0.021242234955555946,
          "std": 0.006654490641273766
        }
      },
      "LR": {
        "acc": {
          "mean": 0.49783599999999995,
          "std": 0.00720363130650091
        },
        "ece": {
          "mean": 0.021808046889756634,
          "std": 0.006374679569292588
        }
      }
    }
  },
  "Gamma": {
    "K3": {
      "EFDA": {
        "acc": {
          "mean": 0.607392,
          "std": 0.007324202072581014
        },
        "ece": {
          "mean": 0.01258581718323477,
          "std": 0.004808596543848716
        }
      },
      "LDA": {
        "acc": {
          "mean": 0.60369,
          "std": 0.007159015295415984
        },
        "ece": {
          "mean": 0.08296936457380864,
          "std": 0.010687733904102263
        }
      },
      "QDA": {
        "acc": {
          "mean": 0.5889880000000001,
          "std": 0.007538159987689305
        },
        "ece": {
          "mean": 0.08915755678136357,
          "std": 0.009877697486870693
        }
      },
      "LR": {
        "acc": {
          "mean": 0.607348,
          "std": 0.00729194733936004
        },
        "ece": {
          "mean": 0.01361527087456242,
          "std": 0.005237611742482745
        }
      }
    },
    "K5": {
      "EFDA": {
        "acc": {
          "mean": 0.359184,
          "std": 0.006412654988380399
        },
        "ece": {
          "mean": 0.01333172839467719,
          "std": 0.004217906221262904
        }
      },
      "LDA": {
        "acc": {
          "mean": 0.35450199999999993,
          "std": 0.009270102264808087
        },
        "ece": {
          "mean": 0.05190135384311472,
          "std": 0.010458260671248982
        }
      },
      "QDA": {
        "acc": {
          "mean": 0.34700400000000003,
          "std": 0.0069143317826092215
        },
        "ece": {
          "mean": 0.07694705233426113,
          "std": 0.010594549914349705
        }
      },
      "LR": {
        "acc": {
          "mean": 0.35932,
          "std": 0.006489869027954261
        },
        "ece": {
          "mean": 0.013707376151679461,
          "std": 0.00451865199713626
        }
      }
    }
  },
  "Exponential": {
    "K3": {
      "EFDA": {
        "acc": {
          "mean": 0.563078,
          "std": 0.0074857141275899595
        },
        "ece": {
          "mean": 0.013489911457968478,
          "std": 0.004368173656828194
        }
      },
      "LDA": {
        "acc": {
          "mean": 0.558072,
          "std": 0.007904708470272638
        },
        "ece": {
          "mean": 0.08736716909676366,
          "std": 0.011601795798059209
        }
      },
      "QDA": {
        "acc": {
          "mean": 0.542242,
          "std": 0.00705017985586183
        },
        "ece": {
          "mean": 0.14838014147256687,
          "std": 0.010967592672916256
        }
      },
      "LR": {
        "acc": {
          "mean": 0.5630339999999999,
          "std": 0.00746688984785499
        },
        "ece": {
          "mean": 0.014151885117012673,
          "std": 0.0045674546151997
        }
      }
    },
    "K5": {
      "EFDA": {
        "acc": {
          "mean": 0.34926,
          "std": 0.006538287237495764
        },
        "ece": {
          "mean": 0.013676907706034823,
          "std": 0.005344961149042369
        }
      },
      "LDA": {
        "acc": {
          "mean": 0.33388199999999996,
          "std": 0.020064597578820263
        },
        "ece": {
          "mean": 0.05136715844010596,
          "std": 0.01882080663916283
        }
      },
      "QDA": {
        "acc": {
          "mean": 0.333782,
          "std": 0.006332462080423378
        },
        "ece": {
          "mean": 0.13380555301485267,
          "std": 0.011833867507371454
        }
      },
      "LR": {
        "acc": {
          "mean": 0.34923799999999994,
          "std": 0.006541968816801254
        },
        "ece": {
          "mean": 0.013884152097385081,
          "std": 0.0056286437400555256
        }
      }
    }
  },
  "Poisson": {
    "K3": {
      "EFDA": {
        "acc": {
          "mean": 0.8089840000000001,
          "std": 0.0060674001021854525
        },
        "ece": {
          "mean": 0.009508574278459204,
          "std": 0.003416469439773178
        }
      },
      "LDA": {
        "acc": {
          "mean": 0.8095280000000001,
          "std": 0.005827007465243204
        },
        "ece": {
          "mean": 0.028033400737276223,
          "std": 0.007033605175827701
        }
      },
      "QDA": {
        "acc": {
          "mean": 0.8095280000000001,
          "std": 0.005827007465243204
        },
        "ece": {
          "mean": 0.01805904534691706,
          "std": 0.004944338553650039
        }
      },
      "LR": {
        "acc": {
          "mean": 0.808904,
          "std": 0.006078715653820306
        },
        "ece": {
          "mean": 0.011230397942100083,
          "std": 0.004084750328169556
        }
      }
    },
    "K5": {
      "EFDA": {
        "acc": {
          "mean": 0.6449180000000001,
          "std": 0.0072906018955913405
        },
        "ece": {
          "mean": 0.013636412743603343,
          "std": 0.005076170960345202
        }
      },
      "LDA": {
        "acc": {
          "mean": 0.6438320000000002,
          "std": 0.007583757380085416
        },
        "ece": {
          "mean": 0.06333566563775568,
          "std": 0.009401517228694006
        }
      },
      "QDA": {
        "acc": {
          "mean": 0.64207,
          "std": 0.0070033349198792404
        },
        "ece": {
          "mean": 0.026634799104103126,
          "std": 0.00636923536575189
        }
      },
      "LR": {
        "acc": {
          "mean": 0.6450980000000002,
          "std": 0.007294792389095117
        },
        "ece": {
          "mean": 0.01572968003567022,
          "std": 0.005753573408532118
        }
      }
    }
  }
}